{"cameraMode":{"drawMode":0,"name":"Shaded","section":"Shading Mode"},"sceneLighting":false,"audioPlay":false,"sceneViewState":{"showFog":true,"showMaterialUpdate":true,"showSkybox":false,"showFlares":true,"showImageEffects":true,"showParticleSystems":true},"in2DMode":false,"pivot":{"x":0.34350812435150149,"y":-0.6289404630661011,"z":-0.9683496356010437},"rotation":{"x":-0.3441683351993561,"y":0.5382168889045715,"z":-0.25523194670677187,"w":-0.7257603406906128},"size":2.366028070449829,"orthographic":false}